<keymap version="1" name="GNOME copy Proper Redo" parent="Default for GNOME">
  <action id="$Redo">
    <keyboard-shortcut first-keystroke="shift ctrl z" />
    <keyboard-shortcut first-keystroke="shift alt back_space" />
    <keyboard-shortcut first-keystroke="ctrl y" />
  </action>
  <action id="ActivateGitHubCopilotChatToolWindow">
    <keyboard-shortcut first-keystroke="alt c" />
  </action>
  <action id="ActivateMavenToolWindow">
    <keyboard-shortcut first-keystroke="shift alt m" />
  </action>
  <action id="ActivateProjectToolWindow">
    <keyboard-shortcut first-keystroke="alt 1" />
    <keyboard-shortcut first-keystroke="alt a" />
  </action>
  <action id="ActivateTerminalToolWindow">
    <keyboard-shortcut first-keystroke="alt f12" />
    <keyboard-shortcut first-keystroke="shift alt t" />
  </action>
  <action id="ChangesView.Move" />
  <action id="CloseContent">
    <keyboard-shortcut first-keystroke="ctrl f4" />
    <keyboard-shortcut first-keystroke="alt x" />
  </action>
  <action id="EditorContextInfo" />
  <action id="EditorDeleteLine" />
  <action id="ExportToTextFile" />
  <action id="FindUsages">
    <keyboard-shortcut first-keystroke="shift alt 7" />
    <keyboard-shortcut first-keystroke="alt u" />
  </action>
  <action id="Git.CompareWithBranch">
    <keyboard-shortcut first-keystroke="shift alt d" />
  </action>
  <action id="GotoBookmarkE">
    <keyboard-shortcut first-keystroke="alt e" />
  </action>
  <action id="GotoBookmarkQ">
    <keyboard-shortcut first-keystroke="alt q" />
  </action>
  <action id="GotoBookmarkW">
    <keyboard-shortcut first-keystroke="alt w" />
  </action>
  <action id="GotoDeclaration">
    <keyboard-shortcut first-keystroke="ctrl b" />
    <keyboard-shortcut first-keystroke="alt t" />
  </action>
  <action id="GotoImplementation">
    <keyboard-shortcut first-keystroke="ctrl alt b" />
    <mouse-shortcut keystroke="control alt button1" />
    <keyboard-shortcut first-keystroke="alt o" />
  </action>
  <action id="NextSplitter">
    <keyboard-shortcut first-keystroke="alt y" />
  </action>
  <action id="NextTab">
    <keyboard-shortcut first-keystroke="alt right" />
    <keyboard-shortcut first-keystroke="alt i" />
  </action>
  <action id="PinActiveTab">
    <keyboard-shortcut first-keystroke="alt s" />
  </action>
  <action id="PreviousTab">
    <keyboard-shortcut first-keystroke="alt left" />
    <keyboard-shortcut first-keystroke="alt k" />
  </action>
  <action id="RecentFiles">
    <keyboard-shortcut first-keystroke="ctrl e" />
    <keyboard-shortcut first-keystroke="alt f" />
  </action>
  <action id="RenameElement">
    <keyboard-shortcut first-keystroke="shift f6" />
    <keyboard-shortcut first-keystroke="alt r" />
  </action>
  <action id="ReopenClosedTab">
    <keyboard-shortcut first-keystroke="ctrl alt x" />
  </action>
  <action id="Run">
    <keyboard-shortcut first-keystroke="shift f10" />
    <keyboard-shortcut first-keystroke="alt p" />
  </action>
  <action id="Scala.ShowImplicits">
    <keyboard-shortcut first-keystroke="shift ctrl alt equals" />
    <keyboard-shortcut first-keystroke="shift ctrl alt add" />
  </action>
  <action id="Stop">
    <keyboard-shortcut first-keystroke="ctrl f2" />
    <keyboard-shortcut first-keystroke="alt d" />
  </action>
  <action id="ToggleBookmarkE">
    <keyboard-shortcut first-keystroke="shift alt e" />
  </action>
  <action id="ToggleBookmarkQ">
    <keyboard-shortcut first-keystroke="shift alt q" />
  </action>
  <action id="ToggleBookmarkW">
    <keyboard-shortcut first-keystroke="shift alt w" />
  </action>
  <action id="Vcs.MoveChangedLinesToChangelist" />
  <action id="WD.UploadCurrentRemoteFileAction" />
  <action id="hg4idea.QFold" />
  <action id="tasks.close" />
  <action id="tasks.switch" />
</keymap>